City_ID,City,Country,Date,Lat,Lng,Max Temp,Humidity,Cloudiness,Wind Speed
0,Vaini,US,2022-08-07 18:10:43,39.1834,-84.5333,91.72,65,40,8.05
1,Belmonte,US,2022-08-07 18:10:43,39.1834,-84.5333,91.72,65,40,8.05
2,Albany,US,2022-08-07 18:10:43,39.1834,-84.5333,91.72,65,40,8.05
3,Krasnoselkup,US,2022-08-07 18:10:43,39.1834,-84.5333,91.72,65,40,8.05
4,Rikitea,US,2022-08-07 18:10:43,39.1834,-84.5333,91.72,65,40,8.05
5,Puerto Ayora,US,2022-08-07 18:10:43,39.1834,-84.5333,91.72,65,40,8.05
6,Ushuaia,US,2022-08-07 18:10:43,39.1834,-84.5333,91.72,65,40,8.05
7,Cabo San Lucas,US,2022-08-07 18:10:43,39.1834,-84.5333,91.72,65,40,8.05
8,Dikson,US,2022-08-07 18:10:43,39.1834,-84.5333,91.72,65,40,8.05
9,Georgetown,US,2022-08-07 18:10:43,39.1834,-84.5333,91.72,65,40,8.05
10,Saint-Philippe,US,2022-08-07 18:10:43,39.1834,-84.5333,91.72,65,40,8.05
11,Cantanhede,US,2022-08-07 18:10:43,39.1834,-84.5333,91.72,65,40,8.05
12,Aflu,US,2022-08-07 18:10:43,39.1834,-84.5333,91.72,65,40,8.05
13,Kavaratti,US,2022-08-07 18:10:43,39.1834,-84.5333,91.72,65,40,8.05
14,Verkhnyaya Inta,US,2022-08-07 18:10:43,39.1834,-84.5333,91.72,65,40,8.05
15,Mataura,US,2022-08-07 18:10:43,39.1834,-84.5333,91.72,65,40,8.05
16,Rabo De Peixe,US,2022-08-07 18:10:43,39.1834,-84.5333,91.72,65,40,8.05
17,Beira,US,2022-08-07 18:10:43,39.1834,-84.5333,91.72,65,40,8.05
18,Hambantota,US,2022-08-07 18:10:43,39.1834,-84.5333,91.72,65,40,8.05
19,Kaitangata,US,2022-08-07 18:10:43,39.1834,-84.5333,91.72,65,40,8.05
20,Hermanus,US,2022-08-07 18:10:43,39.1834,-84.5333,91.72,65,40,8.05
21,Smithers,US,2022-08-07 18:10:43,39.1834,-84.5333,91.72,65,40,8.05
22,Bredasdorp,US,2022-08-07 18:10:43,39.1834,-84.5333,91.72,65,40,8.05
23,Tuktoyaktuk,US,2022-08-07 18:10:43,39.1834,-84.5333,91.72,65,40,8.05
24,Hobart,US,2022-08-07 18:10:43,39.1834,-84.5333,91.72,65,40,8.05
25,Barrow,US,2022-08-07 18:10:43,39.1834,-84.5333,91.72,65,40,8.05
26,Port Elizabeth,US,2022-08-07 18:10:43,39.1834,-84.5333,91.72,65,40,8.05
27,Yellowknife,US,2022-08-07 18:10:43,39.1834,-84.5333,91.72,65,40,8.05
28,Nanortalik,US,2022-08-07 18:10:43,39.1834,-84.5333,91.72,65,40,8.05
29,Bentiu,US,2022-08-07 18:10:43,39.1834,-84.5333,91.72,65,40,8.05
30,Komsomolskiy,US,2022-08-07 18:10:43,39.1834,-84.5333,91.72,65,40,8.05
31,Umm Kaddadah,US,2022-08-07 18:10:43,39.1834,-84.5333,91.72,65,40,8.05
32,Torbay,US,2022-08-07 18:10:43,39.1834,-84.5333,91.72,65,40,8.05
33,Laguna,US,2022-08-07 18:10:43,39.1834,-84.5333,91.72,65,40,8.05
34,Hofn,US,2022-08-07 18:10:43,39.1834,-84.5333,91.72,65,40,8.05
35,Naze,US,2022-08-07 18:10:43,39.1834,-84.5333,91.72,65,40,8.05
36,Hilo,US,2022-08-07 18:10:43,39.1834,-84.5333,91.72,65,40,8.05
37,Tancuayalab,US,2022-08-07 18:10:43,39.1834,-84.5333,91.72,65,40,8.05
38,Tiksi,US,2022-08-07 18:10:43,39.1834,-84.5333,91.72,65,40,8.05
39,Salobrena,US,2022-08-07 18:10:43,39.1834,-84.5333,91.72,65,40,8.05
40,Monte Plata,US,2022-08-07 18:10:43,39.1834,-84.5333,91.72,65,40,8.05
41,Kieta,US,2022-08-07 18:10:43,39.1834,-84.5333,91.72,65,40,8.05
42,Jamestown,US,2022-08-07 18:10:43,39.1834,-84.5333,91.72,65,40,8.05
43,Busselton,US,2022-08-07 18:10:43,39.1834,-84.5333,91.72,65,40,8.05
44,Ancud,US,2022-08-07 18:10:43,39.1834,-84.5333,91.72,65,40,8.05
45,Pangai,US,2022-08-07 18:10:43,39.1834,-84.5333,91.72,65,40,8.05
46,Saint George,US,2022-08-07 18:10:43,39.1834,-84.5333,91.72,65,40,8.05
47,Carnarvon,US,2022-08-07 18:10:43,39.1834,-84.5333,91.72,65,40,8.05
48,Santa Barbara,US,2022-08-07 18:10:43,39.1834,-84.5333,91.72,65,40,8.05
49,Victoria,US,2022-08-07 18:10:43,39.1834,-84.5333,91.72,65,40,8.05
50,Chikwawa,US,2022-08-07 18:10:43,39.1834,-84.5333,91.72,65,40,8.05
51,Khatanga,US,2022-08-07 18:10:43,39.1834,-84.5333,91.72,65,40,8.05
52,Sao Jose Da Coroa Grande,US,2022-08-07 18:10:43,39.1834,-84.5333,91.72,65,40,8.05
53,Attawapiskat,US,2022-08-07 18:10:43,39.1834,-84.5333,91.72,65,40,8.05
54,East London,US,2022-08-07 18:10:43,39.1834,-84.5333,91.72,65,40,8.05
55,Castro,US,2022-08-07 18:10:43,39.1834,-84.5333,91.72,65,40,8.05
56,Lebu,US,2022-08-07 18:10:43,39.1834,-84.5333,91.72,65,40,8.05
57,San Cristobal,US,2022-08-07 18:10:43,39.1834,-84.5333,91.72,65,40,8.05
58,Moramanga,US,2022-08-07 18:10:43,39.1834,-84.5333,91.72,65,40,8.05
59,Tasiilaq,US,2022-08-07 18:10:43,39.1834,-84.5333,91.72,65,40,8.05
60,Antsohihy,US,2022-08-07 18:10:43,39.1834,-84.5333,91.72,65,40,8.05
61,Souillac,US,2022-08-07 18:10:43,39.1834,-84.5333,91.72,65,40,8.05
62,Saldanha,US,2022-08-07 18:10:43,39.1834,-84.5333,91.72,65,40,8.05
63,Bambous Virieux,US,2022-08-07 18:10:43,39.1834,-84.5333,91.72,65,40,8.05
64,Constitucion,US,2022-08-07 18:10:43,39.1834,-84.5333,91.72,65,40,8.05
65,Nioki,US,2022-08-07 18:10:43,39.1834,-84.5333,91.72,65,40,8.05
66,Acapulco,US,2022-08-07 18:10:43,39.1834,-84.5333,91.72,65,40,8.05
67,Port Augusta,US,2022-08-07 18:10:43,39.1834,-84.5333,91.72,65,40,8.05
68,Cape Town,US,2022-08-07 18:10:43,39.1834,-84.5333,91.72,65,40,8.05
69,Semey,US,2022-08-07 18:10:43,39.1834,-84.5333,91.72,65,40,8.05
70,Tabukiniberu,US,2022-08-07 18:10:43,39.1834,-84.5333,91.72,65,40,8.05
71,Malwan,US,2022-08-07 18:10:43,39.1834,-84.5333,91.72,65,40,8.05
72,Areka,US,2022-08-07 18:10:43,39.1834,-84.5333,91.72,65,40,8.05
73,Slave Lake,US,2022-08-07 18:10:43,39.1834,-84.5333,91.72,65,40,8.05
74,Esperance,US,2022-08-07 18:10:43,39.1834,-84.5333,91.72,65,40,8.05
75,Okhotsk,US,2022-08-07 18:10:43,39.1834,-84.5333,91.72,65,40,8.05
76,Port Alfred,US,2022-08-07 18:10:43,39.1834,-84.5333,91.72,65,40,8.05
77,Malpe,US,2022-08-07 18:10:43,39.1834,-84.5333,91.72,65,40,8.05
78,Pacific Grove,US,2022-08-07 18:10:43,39.1834,-84.5333,91.72,65,40,8.05
79,Hualmay,US,2022-08-07 18:10:43,39.1834,-84.5333,91.72,65,40,8.05
80,Guerrero Negro,US,2022-08-07 18:10:43,39.1834,-84.5333,91.72,65,40,8.05
81,Morehead,US,2022-08-07 18:10:43,39.1834,-84.5333,91.72,65,40,8.05
82,Kapaa,US,2022-08-07 18:10:43,39.1834,-84.5333,91.72,65,40,8.05
83,Makakilo City,US,2022-08-07 18:10:43,39.1834,-84.5333,91.72,65,40,8.05
84,Tiarei,US,2022-08-07 18:10:43,39.1834,-84.5333,91.72,65,40,8.05
85,Nikolskoye,US,2022-08-07 18:10:43,39.1834,-84.5333,91.72,65,40,8.05
86,Zonguldak,US,2022-08-07 18:10:43,39.1834,-84.5333,91.72,65,40,8.05
87,Barentsburg,US,2022-08-07 18:10:43,39.1834,-84.5333,91.72,65,40,8.05
88,Kahului,US,2022-08-07 18:10:43,39.1834,-84.5333,91.72,65,40,8.05
89,Norman Wells,US,2022-08-07 18:10:43,39.1834,-84.5333,91.72,65,40,8.05
90,Abu Dhabi,US,2022-08-07 18:10:43,39.1834,-84.5333,91.72,65,40,8.05
91,San Quintin,US,2022-08-07 18:10:43,39.1834,-84.5333,91.72,65,40,8.05
92,Padang,US,2022-08-07 18:10:43,39.1834,-84.5333,91.72,65,40,8.05
93,Vitim,US,2022-08-07 18:10:43,39.1834,-84.5333,91.72,65,40,8.05
94,Lagoa,US,2022-08-07 18:10:43,39.1834,-84.5333,91.72,65,40,8.05
95,Mar Del Plata,US,2022-08-07 18:10:43,39.1834,-84.5333,91.72,65,40,8.05
96,Punta Arenas,US,2022-08-07 18:10:43,39.1834,-84.5333,91.72,65,40,8.05
97,Mayumba,US,2022-08-07 18:10:43,39.1834,-84.5333,91.72,65,40,8.05
98,Torrington,US,2022-08-07 18:10:43,39.1834,-84.5333,91.72,65,40,8.05
99,Hami,US,2022-08-07 18:10:43,39.1834,-84.5333,91.72,65,40,8.05
100,Korablino,US,2022-08-07 18:10:43,39.1834,-84.5333,91.72,65,40,8.05
101,Jardim,US,2022-08-07 18:10:43,39.1834,-84.5333,91.72,65,40,8.05
102,San Ignacio,US,2022-08-07 18:10:43,39.1834,-84.5333,91.72,65,40,8.05
103,Belushya Guba,US,2022-08-07 18:10:43,39.1834,-84.5333,91.72,65,40,8.05
104,Broome,US,2022-08-07 18:10:43,39.1834,-84.5333,91.72,65,40,8.05
105,Bluff,US,2022-08-07 18:10:43,39.1834,-84.5333,91.72,65,40,8.05
106,Touros,US,2022-08-07 18:10:43,39.1834,-84.5333,91.72,65,40,8.05
107,Illoqqortoormiut,US,2022-08-07 18:10:43,39.1834,-84.5333,91.72,65,40,8.05
108,Erenhot,US,2022-08-07 18:10:43,39.1834,-84.5333,91.72,65,40,8.05
109,Longyearbyen,US,2022-08-07 18:10:43,39.1834,-84.5333,91.72,65,40,8.05
110,New Norfolk,US,2022-08-07 18:10:43,39.1834,-84.5333,91.72,65,40,8.05
111,Zapolyarnyy,US,2022-08-07 18:10:43,39.1834,-84.5333,91.72,65,40,8.05
112,Dukat,US,2022-08-07 18:10:43,39.1834,-84.5333,91.72,65,40,8.05
113,Clyde River,US,2022-08-07 18:10:43,39.1834,-84.5333,91.72,65,40,8.05
114,Mae Sai,US,2022-08-07 18:10:43,39.1834,-84.5333,91.72,65,40,8.05
115,Thompson,US,2022-08-07 18:10:43,39.1834,-84.5333,91.72,65,40,8.05
116,La Rioja,US,2022-08-07 18:10:43,39.1834,-84.5333,91.72,65,40,8.05
117,California City,US,2022-08-07 18:10:43,39.1834,-84.5333,91.72,65,40,8.05
118,Hobyo,US,2022-08-07 18:10:43,39.1834,-84.5333,91.72,65,40,8.05
119,Marcona,US,2022-08-07 18:10:43,39.1834,-84.5333,91.72,65,40,8.05
120,Iaciara,US,2022-08-07 18:10:43,39.1834,-84.5333,91.72,65,40,8.05
121,Hithadhoo,US,2022-08-07 18:10:43,39.1834,-84.5333,91.72,65,40,8.05
122,Najran,US,2022-08-07 18:10:43,39.1834,-84.5333,91.72,65,40,8.05
123,Halifax,US,2022-08-07 18:10:43,39.1834,-84.5333,91.72,65,40,8.05
124,Sladkovo,US,2022-08-07 18:10:43,39.1834,-84.5333,91.72,65,40,8.05
125,Songea,US,2022-08-07 18:10:43,39.1834,-84.5333,91.72,65,40,8.05
126,Faanui,US,2022-08-07 18:10:43,39.1834,-84.5333,91.72,65,40,8.05
127,Airai,US,2022-08-07 18:10:43,39.1834,-84.5333,91.72,65,40,8.05
128,Saleaula,US,2022-08-07 18:10:43,39.1834,-84.5333,91.72,65,40,8.05
129,Geraldton,US,2022-08-07 18:10:43,39.1834,-84.5333,91.72,65,40,8.05
130,Butaritari,US,2022-08-07 18:10:43,39.1834,-84.5333,91.72,65,40,8.05
131,Galesong,US,2022-08-07 18:10:43,39.1834,-84.5333,91.72,65,40,8.05
132,Narsipatnam,US,2022-08-07 18:10:43,39.1834,-84.5333,91.72,65,40,8.05
133,Port Macquarie,US,2022-08-07 18:10:43,39.1834,-84.5333,91.72,65,40,8.05
134,Avarua,US,2022-08-07 18:10:43,39.1834,-84.5333,91.72,65,40,8.05
135,Katsuura,US,2022-08-07 18:10:43,39.1834,-84.5333,91.72,65,40,8.05
136,Monticello,US,2022-08-07 18:10:43,39.1834,-84.5333,91.72,65,40,8.05
137,Provideniya,US,2022-08-07 18:10:43,39.1834,-84.5333,91.72,65,40,8.05
138,Port-Gentil,US,2022-08-07 18:10:43,39.1834,-84.5333,91.72,65,40,8.05
139,Axim,US,2022-08-07 18:10:43,39.1834,-84.5333,91.72,65,40,8.05
140,Yandyki,US,2022-08-07 18:10:43,39.1834,-84.5333,91.72,65,40,8.05
141,Venezuela,US,2022-08-07 18:10:43,39.1834,-84.5333,91.72,65,40,8.05
142,Lompoc,US,2022-08-07 18:10:43,39.1834,-84.5333,91.72,65,40,8.05
143,Sentyabrskiy,US,2022-08-07 18:10:43,39.1834,-84.5333,91.72,65,40,8.05
144,Port Blair,US,2022-08-07 18:10:43,39.1834,-84.5333,91.72,65,40,8.05
145,Alexandria,US,2022-08-07 18:10:43,39.1834,-84.5333,91.72,65,40,8.05
146,Zhigansk,US,2022-08-07 18:10:43,39.1834,-84.5333,91.72,65,40,8.05
147,Beringovskiy,US,2022-08-07 18:10:43,39.1834,-84.5333,91.72,65,40,8.05
148,Cherskiy,US,2022-08-07 18:10:43,39.1834,-84.5333,91.72,65,40,8.05
149,Honiara,US,2022-08-07 18:10:43,39.1834,-84.5333,91.72,65,40,8.05
150,Lipari,US,2022-08-07 18:10:43,39.1834,-84.5333,91.72,65,40,8.05
151,Sabha,US,2022-08-07 18:10:43,39.1834,-84.5333,91.72,65,40,8.05
152,Warqla,US,2022-08-07 18:10:43,39.1834,-84.5333,91.72,65,40,8.05
153,Hirara,US,2022-08-07 18:10:43,39.1834,-84.5333,91.72,65,40,8.05
154,Cabildo,US,2022-08-07 18:10:43,39.1834,-84.5333,91.72,65,40,8.05
155,Haines Junction,US,2022-08-07 18:10:43,39.1834,-84.5333,91.72,65,40,8.05
156,Taolanaro,US,2022-08-07 18:10:43,39.1834,-84.5333,91.72,65,40,8.05
157,Bonthe,US,2022-08-07 18:10:43,39.1834,-84.5333,91.72,65,40,8.05
158,Dongsheng,US,2022-08-07 18:10:43,39.1834,-84.5333,91.72,65,40,8.05
159,Yerbogachen,US,2022-08-07 18:10:43,39.1834,-84.5333,91.72,65,40,8.05
160,Tessalit,US,2022-08-07 18:10:43,39.1834,-84.5333,91.72,65,40,8.05
161,Anahuac,US,2022-08-07 18:10:43,39.1834,-84.5333,91.72,65,40,8.05
162,Arraial Do Cabo,US,2022-08-07 18:10:43,39.1834,-84.5333,91.72,65,40,8.05
163,Bandar-E Lengeh,US,2022-08-07 18:10:43,39.1834,-84.5333,91.72,65,40,8.05
164,Pimentel,US,2022-08-07 18:10:43,39.1834,-84.5333,91.72,65,40,8.05
165,Tazmalt,US,2022-08-07 18:10:43,39.1834,-84.5333,91.72,65,40,8.05
166,Thinadhoo,US,2022-08-07 18:10:43,39.1834,-84.5333,91.72,65,40,8.05
167,Raudeberg,US,2022-08-07 18:10:43,39.1834,-84.5333,91.72,65,40,8.05
168,Nizhneyansk,US,2022-08-07 18:10:43,39.1834,-84.5333,91.72,65,40,8.05
169,Tautira,US,2022-08-07 18:10:43,39.1834,-84.5333,91.72,65,40,8.05
170,Townsville,US,2022-08-07 18:10:43,39.1834,-84.5333,91.72,65,40,8.05
171,Campo Grande,US,2022-08-07 18:10:43,39.1834,-84.5333,91.72,65,40,8.05
172,Kavieng,US,2022-08-07 18:10:43,39.1834,-84.5333,91.72,65,40,8.05
173,Chicama,US,2022-08-07 18:10:43,39.1834,-84.5333,91.72,65,40,8.05
174,Meulaboh,US,2022-08-07 18:10:43,39.1834,-84.5333,91.72,65,40,8.05
175,Tabiauea,US,2022-08-07 18:10:43,39.1834,-84.5333,91.72,65,40,8.05
176,Cherkasskoye,US,2022-08-07 18:10:43,39.1834,-84.5333,91.72,65,40,8.05
177,Shache,US,2022-08-07 18:10:43,39.1834,-84.5333,91.72,65,40,8.05
178,Seymchan,US,2022-08-07 18:10:43,39.1834,-84.5333,91.72,65,40,8.05
179,Moose Factory,US,2022-08-07 18:10:43,39.1834,-84.5333,91.72,65,40,8.05
180,Mahebourg,US,2022-08-07 18:10:43,39.1834,-84.5333,91.72,65,40,8.05
181,Tsihombe,US,2022-08-07 18:10:43,39.1834,-84.5333,91.72,65,40,8.05
182,Manta,US,2022-08-07 18:10:43,39.1834,-84.5333,91.72,65,40,8.05
183,Peniche,US,2022-08-07 18:10:43,39.1834,-84.5333,91.72,65,40,8.05
184,Thanyaburi,US,2022-08-07 18:10:43,39.1834,-84.5333,91.72,65,40,8.05
185,Ayorou,US,2022-08-07 18:10:43,39.1834,-84.5333,91.72,65,40,8.05
186,Ilo,US,2022-08-07 18:10:43,39.1834,-84.5333,91.72,65,40,8.05
187,Awbari,US,2022-08-07 18:10:43,39.1834,-84.5333,91.72,65,40,8.05
188,Balaipungut,US,2022-08-07 18:10:43,39.1834,-84.5333,91.72,65,40,8.05
189,Quatre Cocos,US,2022-08-07 18:10:43,39.1834,-84.5333,91.72,65,40,8.05
190,Gornopravdinsk,US,2022-08-07 18:10:43,39.1834,-84.5333,91.72,65,40,8.05
191,Moa,US,2022-08-07 18:10:43,39.1834,-84.5333,91.72,65,40,8.05
192,Pafos,US,2022-08-07 18:10:43,39.1834,-84.5333,91.72,65,40,8.05
193,Varzea Da Palma,US,2022-08-07 18:10:43,39.1834,-84.5333,91.72,65,40,8.05
194,Srednekolymsk,US,2022-08-07 18:10:43,39.1834,-84.5333,91.72,65,40,8.05
195,Vung Tau,US,2022-08-07 18:10:43,39.1834,-84.5333,91.72,65,40,8.05
196,Shasta Lake,US,2022-08-07 18:10:43,39.1834,-84.5333,91.72,65,40,8.05
197,Sakakah,US,2022-08-07 18:10:43,39.1834,-84.5333,91.72,65,40,8.05
198,Hervey Bay,US,2022-08-07 18:10:43,39.1834,-84.5333,91.72,65,40,8.05
199,Sioux Lookout,US,2022-08-07 18:10:43,39.1834,-84.5333,91.72,65,40,8.05
200,Upernavik,US,2022-08-07 18:21:16,39.1834,-84.5333,91.72,64,40,8.05
201,Nome,US,2022-08-07 18:21:16,39.1834,-84.5333,91.72,64,40,8.05
202,Vaitupu,US,2022-08-07 18:21:16,39.1834,-84.5333,91.72,64,40,8.05
203,Fortuna,US,2022-08-07 18:21:16,39.1834,-84.5333,91.72,64,40,8.05
204,Dzaoudzi,US,2022-08-07 18:21:16,39.1834,-84.5333,91.72,64,40,8.05
205,Nishihara,US,2022-08-07 18:21:16,39.1834,-84.5333,91.72,64,40,8.05
206,Puerto Quijarro,US,2022-08-07 18:21:16,39.1834,-84.5333,91.72,64,40,8.05
207,Portland,US,2022-08-07 18:21:16,39.1834,-84.5333,91.72,64,40,8.05
208,Grindavik,US,2022-08-07 18:21:16,39.1834,-84.5333,91.72,64,40,8.05
209,Qaanaaq,US,2022-08-07 18:21:16,39.1834,-84.5333,91.72,64,40,8.05
210,Krasnyy Chikoy,US,2022-08-07 18:21:16,39.1834,-84.5333,91.72,64,40,8.05
211,Bethel,US,2022-08-07 18:21:16,39.1834,-84.5333,91.72,64,40,8.05
212,Ust-Ilimsk,US,2022-08-07 18:21:16,39.1834,-84.5333,91.72,64,40,8.05
213,Paamiut,US,2022-08-07 18:21:16,39.1834,-84.5333,91.72,64,40,8.05
214,Iralaya,US,2022-08-07 18:21:16,39.1834,-84.5333,91.72,64,40,8.05
215,Port Hardy,US,2022-08-07 18:21:16,39.1834,-84.5333,91.72,64,40,8.05
216,Warmbad,US,2022-08-07 18:21:16,39.1834,-84.5333,91.72,64,40,8.05
217,Pevek,US,2022-08-07 18:21:16,39.1834,-84.5333,91.72,64,40,8.05
218,Half Moon Bay,US,2022-08-07 18:21:16,39.1834,-84.5333,91.72,64,40,8.05
219,Kralendijk,US,2022-08-07 18:21:16,39.1834,-84.5333,91.72,64,40,8.05
220,Narsaq,US,2022-08-07 18:21:16,39.1834,-84.5333,91.72,64,40,8.05
221,Omboue,US,2022-08-07 18:21:16,39.1834,-84.5333,91.72,64,40,8.05
222,Baturaja,US,2022-08-07 18:21:16,39.1834,-84.5333,91.72,64,40,8.05
223,Chagda,US,2022-08-07 18:21:16,39.1834,-84.5333,91.72,64,40,8.05
224,Leningradskiy,US,2022-08-07 18:21:16,39.1834,-84.5333,91.72,64,40,8.05
225,Jizan,US,2022-08-07 18:21:16,39.1834,-84.5333,91.72,64,40,8.05
226,Watertown,US,2022-08-07 18:21:16,39.1834,-84.5333,91.72,64,40,8.05
227,Tuatapere,US,2022-08-07 18:21:16,39.1834,-84.5333,91.72,64,40,8.05
228,Cagayan De Tawi-Tawi,US,2022-08-07 18:21:16,39.1834,-84.5333,91.72,64,40,8.05
229,Pisco,US,2022-08-07 18:21:16,39.1834,-84.5333,91.72,64,40,8.05
230,Grande Prairie,US,2022-08-07 18:21:16,39.1834,-84.5333,91.72,64,40,8.05
231,Lahat,US,2022-08-07 18:21:16,39.1834,-84.5333,91.72,64,40,8.05
232,Amderma,US,2022-08-07 18:21:16,39.1834,-84.5333,91.72,64,40,8.05
233,Necochea,US,2022-08-07 18:21:16,39.1834,-84.5333,91.72,64,40,8.05
234,Cidreira,US,2022-08-07 18:21:16,39.1834,-84.5333,91.72,64,40,8.05
235,Adrar,US,2022-08-07 18:21:16,39.1834,-84.5333,91.72,64,40,8.05
236,Isangel,US,2022-08-07 18:21:16,39.1834,-84.5333,91.72,64,40,8.05
237,Sapernoye,US,2022-08-07 18:21:16,39.1834,-84.5333,91.72,64,40,8.05
238,Ozernovskiy,US,2022-08-07 18:21:16,39.1834,-84.5333,91.72,64,40,8.05
239,Severo-Kurilsk,US,2022-08-07 18:21:16,39.1834,-84.5333,91.72,64,40,8.05
240,Chuy,US,2022-08-07 18:21:16,39.1834,-84.5333,91.72,64,40,8.05
241,Iqaluit,US,2022-08-07 18:21:16,39.1834,-84.5333,91.72,64,40,8.05
242,Skagen,US,2022-08-07 18:21:16,39.1834,-84.5333,91.72,64,40,8.05
243,Rungata,US,2022-08-07 18:21:16,39.1834,-84.5333,91.72,64,40,8.05
244,Palabuhanratu,US,2022-08-07 18:21:16,39.1834,-84.5333,91.72,64,40,8.05
245,Atuona,US,2022-08-07 18:21:16,39.1834,-84.5333,91.72,64,40,8.05
246,Manesti,US,2022-08-07 18:21:16,39.1834,-84.5333,91.72,64,40,8.05
247,Milkovo,US,2022-08-07 18:21:16,39.1834,-84.5333,91.72,64,40,8.05
248,Shubarshi,US,2022-08-07 18:21:16,39.1834,-84.5333,91.72,64,40,8.05
249,Haibowan,US,2022-08-07 18:21:16,39.1834,-84.5333,91.72,64,40,8.05
250,Penhold,US,2022-08-07 18:21:16,39.1834,-84.5333,91.72,64,40,8.05
251,Grand-Lahou,US,2022-08-07 18:21:16,39.1834,-84.5333,91.72,64,40,8.05
252,Namibe,US,2022-08-07 18:21:16,39.1834,-84.5333,91.72,64,40,8.05
253,Kirakira,US,2022-08-07 18:21:16,39.1834,-84.5333,91.72,64,40,8.05
254,Deputatskiy,US,2022-08-07 18:21:16,39.1834,-84.5333,91.72,64,40,8.05
255,Marsh Harbour,US,2022-08-07 18:21:16,39.1834,-84.5333,91.72,64,40,8.05
256,Sao Filipe,US,2022-08-07 18:21:16,39.1834,-84.5333,91.72,64,40,8.05
257,Tecpan,US,2022-08-07 18:21:16,39.1834,-84.5333,91.72,64,40,8.05
258,Olinda,US,2022-08-07 18:21:16,39.1834,-84.5333,91.72,64,40,8.05
259,Tortoli,US,2022-08-07 18:21:16,39.1834,-84.5333,91.72,64,40,8.05
260,Stornoway,US,2022-08-07 18:21:16,39.1834,-84.5333,91.72,64,40,8.05
261,Grand River South East,US,2022-08-07 18:21:16,39.1834,-84.5333,91.72,64,40,8.05
262,Gazojak,US,2022-08-07 18:21:16,39.1834,-84.5333,91.72,64,40,8.05
263,Turbat,US,2022-08-07 18:21:16,39.1834,-84.5333,91.72,64,40,8.05
264,Korem,US,2022-08-07 18:21:16,39.1834,-84.5333,91.72,64,40,8.05
265,Tilichiki,US,2022-08-07 18:21:16,39.1834,-84.5333,91.72,64,40,8.05
266,Vytegra,US,2022-08-07 18:21:16,39.1834,-84.5333,91.72,64,40,8.05
267,Sao Joao Da Barra,US,2022-08-07 18:21:16,39.1834,-84.5333,91.72,64,40,8.05
268,Mys Shmidta,US,2022-08-07 18:21:16,39.1834,-84.5333,91.72,64,40,8.05
269,Atambua,US,2022-08-07 18:21:16,39.1834,-84.5333,91.72,64,40,8.05
270,Ilovlya,US,2022-08-07 18:21:16,39.1834,-84.5333,91.72,64,40,8.05
271,Urumqi,US,2022-08-07 18:21:16,39.1834,-84.5333,91.72,64,40,8.05
272,Brae,US,2022-08-07 18:21:16,39.1834,-84.5333,91.72,64,40,8.05
273,Berlevag,US,2022-08-07 18:21:16,39.1834,-84.5333,91.72,64,40,8.05
274,Camalu,US,2022-08-07 18:21:16,39.1834,-84.5333,91.72,64,40,8.05
275,Mountain Home,US,2022-08-07 18:21:16,39.1834,-84.5333,91.72,64,40,8.05
276,Ribeira Grande,US,2022-08-07 18:21:16,39.1834,-84.5333,91.72,64,40,8.05
277,San Patricio,US,2022-08-07 18:21:16,39.1834,-84.5333,91.72,64,40,8.05
278,Brainerd,US,2022-08-07 18:21:16,39.1834,-84.5333,91.72,64,40,8.05
279,Bani,US,2022-08-07 18:21:16,39.1834,-84.5333,91.72,64,40,8.05
280,Dumas,US,2022-08-07 18:21:16,39.1834,-84.5333,91.72,64,40,8.05
281,Visnes,US,2022-08-07 18:21:16,39.1834,-84.5333,91.72,64,40,8.05
282,Forssa,US,2022-08-07 18:21:16,39.1834,-84.5333,91.72,64,40,8.05
283,Rive-De-Gier,US,2022-08-07 18:21:16,39.1834,-84.5333,91.72,64,40,8.05
284,Sola,US,2022-08-07 18:21:16,39.1834,-84.5333,91.72,64,40,8.05
285,Zaysan,US,2022-08-07 18:21:16,39.1834,-84.5333,91.72,64,40,8.05
286,Cayenne,US,2022-08-07 18:21:16,39.1834,-84.5333,91.72,64,40,8.05
287,Kysyl-Syr,US,2022-08-07 18:21:16,39.1834,-84.5333,91.72,64,40,8.05
288,Hasaki,US,2022-08-07 18:21:16,39.1834,-84.5333,91.72,64,40,8.05
289,Jiamusi,US,2022-08-07 18:21:16,39.1834,-84.5333,91.72,64,40,8.05
290,Saskylakh,US,2022-08-07 18:21:16,39.1834,-84.5333,91.72,64,40,8.05
291,Vardo,US,2022-08-07 18:21:16,39.1834,-84.5333,91.72,64,40,8.05
292,Chokurdakh,US,2022-08-07 18:21:16,39.1834,-84.5333,91.72,64,40,8.05
293,Naron,US,2022-08-07 18:21:16,39.1834,-84.5333,91.72,64,40,8.05
294,Ahipara,US,2022-08-07 18:21:16,39.1834,-84.5333,91.72,64,40,8.05
295,Tonantins,US,2022-08-07 18:21:16,39.1834,-84.5333,91.72,64,40,8.05
296,Kodiak,US,2022-08-07 18:21:16,39.1834,-84.5333,91.72,64,40,8.05
297,Nedjo,US,2022-08-07 18:21:16,39.1834,-84.5333,91.72,64,40,8.05
298,Jishou,US,2022-08-07 18:21:16,39.1834,-84.5333,91.72,64,40,8.05
299,Hamilton,US,2022-08-07 18:21:16,39.1834,-84.5333,91.72,64,40,8.05
300,North Platte,US,2022-08-07 18:21:16,39.1834,-84.5333,91.72,64,40,8.05
301,Akyab,US,2022-08-07 18:21:16,39.1834,-84.5333,91.72,64,40,8.05
302,Moron,US,2022-08-07 18:21:16,39.1834,-84.5333,91.72,64,40,8.05
303,Jaca,US,2022-08-07 18:21:16,39.1834,-84.5333,91.72,64,40,8.05
304,Fomboni,US,2022-08-07 18:21:16,39.1834,-84.5333,91.72,64,40,8.05
305,Cambridge,US,2022-08-07 18:21:16,39.1834,-84.5333,91.72,64,40,8.05
306,Namanyere,US,2022-08-07 18:21:16,39.1834,-84.5333,91.72,64,40,8.05
307,Erzin,US,2022-08-07 18:21:16,39.1834,-84.5333,91.72,64,40,8.05
308,Itarema,US,2022-08-07 18:21:16,39.1834,-84.5333,91.72,64,40,8.05
309,Cockburn Harbour,US,2022-08-07 18:21:16,39.1834,-84.5333,91.72,64,40,8.05
310,Chapais,US,2022-08-07 18:21:16,39.1834,-84.5333,91.72,64,40,8.05
311,Korla,US,2022-08-07 18:21:16,39.1834,-84.5333,91.72,64,40,8.05
312,Bajah,US,2022-08-07 18:21:16,39.1834,-84.5333,91.72,64,40,8.05
313,Imeni Poliny Osipenko,US,2022-08-07 18:21:16,39.1834,-84.5333,91.72,64,40,8.05
314,Mindelo,US,2022-08-07 18:21:16,39.1834,-84.5333,91.72,64,40,8.05
315,Macaboboni,US,2022-08-07 18:21:16,39.1834,-84.5333,91.72,64,40,8.05
316,Valparaiso,US,2022-08-07 18:21:16,39.1834,-84.5333,91.72,64,40,8.05
317,Cootamundra,US,2022-08-07 18:21:16,39.1834,-84.5333,91.72,64,40,8.05
318,Halalo,US,2022-08-07 18:21:16,39.1834,-84.5333,91.72,64,40,8.05
319,Reconquista,US,2022-08-07 18:21:16,39.1834,-84.5333,91.72,64,40,8.05
320,Paranhos,US,2022-08-07 18:21:16,39.1834,-84.5333,91.72,64,40,8.05
321,Naifaru,US,2022-08-07 18:21:16,39.1834,-84.5333,91.72,64,40,8.05
322,Mahajanga,US,2022-08-07 18:21:16,39.1834,-84.5333,91.72,64,40,8.05
323,Berezovyy,US,2022-08-07 18:21:16,39.1834,-84.5333,91.72,64,40,8.05
324,Alofi,US,2022-08-07 18:21:16,39.1834,-84.5333,91.72,64,40,8.05
325,Vamvakofiton,US,2022-08-07 18:21:16,39.1834,-84.5333,91.72,64,40,8.05
326,Xinglongshan,US,2022-08-07 18:21:16,39.1834,-84.5333,91.72,64,40,8.05
327,Lata,US,2022-08-07 18:21:16,39.1834,-84.5333,91.72,64,40,8.05
328,Jalu,US,2022-08-07 18:21:16,39.1834,-84.5333,91.72,64,40,8.05
329,Nichinan,US,2022-08-07 18:21:16,39.1834,-84.5333,91.72,64,40,8.05
330,Ponta Do Sol,US,2022-08-07 18:21:16,39.1834,-84.5333,91.72,64,40,8.05
331,Moberly,US,2022-08-07 18:21:16,39.1834,-84.5333,91.72,64,40,8.05
332,Saint-Augustin,US,2022-08-07 18:21:16,39.1834,-84.5333,91.72,64,40,8.05
333,Kamenka,US,2022-08-07 18:21:16,39.1834,-84.5333,91.72,64,40,8.05
334,Jinchengjiang,US,2022-08-07 18:21:16,39.1834,-84.5333,91.72,64,40,8.05
335,Mana,US,2022-08-07 18:21:16,39.1834,-84.5333,91.72,64,40,8.05
336,Madera,US,2022-08-07 18:21:16,39.1834,-84.5333,91.72,64,40,8.05
337,Upata,US,2022-08-07 18:21:16,39.1834,-84.5333,91.72,64,40,8.05
338,Abu Samrah,US,2022-08-07 18:21:16,39.1834,-84.5333,91.72,64,40,8.05
339,Portree,US,2022-08-07 18:21:16,39.1834,-84.5333,91.72,64,40,8.05
340,Dakar,US,2022-08-07 18:21:16,39.1834,-84.5333,91.72,64,40,8.05
341,Casino,US,2022-08-07 18:21:16,39.1834,-84.5333,91.72,64,40,8.05
342,Lavrentiya,US,2022-08-07 18:21:16,39.1834,-84.5333,91.72,64,40,8.05
343,Kaeo,US,2022-08-07 18:21:16,39.1834,-84.5333,91.72,64,40,8.05
344,Bafoulabe,US,2022-08-07 18:21:16,39.1834,-84.5333,91.72,64,40,8.05
345,Bodden Town,US,2022-08-07 18:21:16,39.1834,-84.5333,91.72,64,40,8.05
346,Hue,US,2022-08-07 18:21:16,39.1834,-84.5333,91.72,64,40,8.05
347,Mount Gambier,US,2022-08-07 18:21:16,39.1834,-84.5333,91.72,64,40,8.05
348,Kajaani,US,2022-08-07 18:21:16,39.1834,-84.5333,91.72,64,40,8.05
349,Warren,US,2022-08-07 18:21:16,39.1834,-84.5333,91.72,64,40,8.05
350,Luderitz,US,2022-08-07 18:21:16,39.1834,-84.5333,91.72,64,40,8.05
351,Zhezkazgan,US,2022-08-07 18:21:16,39.1834,-84.5333,91.72,64,40,8.05
352,Caravelas,US,2022-08-07 18:21:16,39.1834,-84.5333,91.72,64,40,8.05
353,Ulaanbaatar,US,2022-08-07 18:21:16,39.1834,-84.5333,91.72,64,40,8.05
354,Sosnogorsk,US,2022-08-07 18:21:16,39.1834,-84.5333,91.72,64,40,8.05
355,Ustikolina,US,2022-08-07 18:21:16,39.1834,-84.5333,91.72,64,40,8.05
356,Aklavik,US,2022-08-07 18:21:16,39.1834,-84.5333,91.72,64,40,8.05
357,Minusinsk,US,2022-08-07 18:21:16,39.1834,-84.5333,91.72,64,40,8.05
358,Itacarambi,US,2022-08-07 18:21:16,39.1834,-84.5333,91.72,64,40,8.05
359,Mao,US,2022-08-07 18:21:16,39.1834,-84.5333,91.72,64,40,8.05
360,Boyolangu,US,2022-08-07 18:21:16,39.1834,-84.5333,91.72,64,40,8.05
361,Tromso,US,2022-08-07 18:21:16,39.1834,-84.5333,91.72,64,40,8.05
362,Sahrak,US,2022-08-07 18:21:16,39.1834,-84.5333,91.72,64,40,8.05
363,Honningsvag,US,2022-08-07 18:21:16,39.1834,-84.5333,91.72,64,40,8.05
364,Karratha,US,2022-08-07 18:21:16,39.1834,-84.5333,91.72,64,40,8.05
365,Vyartsilya,US,2022-08-07 18:21:16,39.1834,-84.5333,91.72,64,40,8.05
366,Chenzhou,US,2022-08-07 18:21:16,39.1834,-84.5333,91.72,64,40,8.05
367,Nuuk,US,2022-08-07 18:21:16,39.1834,-84.5333,91.72,64,40,8.05
368,Sitio Novo Do Tocantins,US,2022-08-07 18:21:16,39.1834,-84.5333,91.72,64,40,8.05
369,Guiratinga,US,2022-08-07 18:21:16,39.1834,-84.5333,91.72,64,40,8.05
370,Haapiti,US,2022-08-07 18:21:16,39.1834,-84.5333,91.72,64,40,8.05
371,Marau,US,2022-08-07 18:21:16,39.1834,-84.5333,91.72,64,40,8.05
372,Shimoda,US,2022-08-07 18:21:16,39.1834,-84.5333,91.72,64,40,8.05
373,Longlac,US,2022-08-07 18:21:16,39.1834,-84.5333,91.72,64,40,8.05
374,Holesov,US,2022-08-07 18:21:16,39.1834,-84.5333,91.72,64,40,8.05
375,Takhtamygda,US,2022-08-07 18:21:16,39.1834,-84.5333,91.72,64,40,8.05
376,Sao Jose Do Belmonte,US,2022-08-07 18:21:16,39.1834,-84.5333,91.72,64,40,8.05
377,Gat,US,2022-08-07 18:21:16,39.1834,-84.5333,91.72,64,40,8.05
378,Acarau,US,2022-08-07 18:21:16,39.1834,-84.5333,91.72,64,40,8.05
379,Lincoln,US,2022-08-07 18:21:16,39.1834,-84.5333,91.72,64,40,8.05
380,Lunavada,US,2022-08-07 18:21:16,39.1834,-84.5333,91.72,64,40,8.05
381,Donskoye,US,2022-08-07 18:21:16,39.1834,-84.5333,91.72,64,40,8.05
382,Sinnamary,US,2022-08-07 18:21:16,39.1834,-84.5333,91.72,64,40,8.05
383,Russell,US,2022-08-07 18:21:16,39.1834,-84.5333,91.72,64,40,8.05
384,Flinders,US,2022-08-07 18:21:16,39.1834,-84.5333,91.72,64,40,8.05
385,Neiafu,US,2022-08-07 18:21:16,39.1834,-84.5333,91.72,64,40,8.05
386,Muswellbrook,US,2022-08-07 18:21:16,39.1834,-84.5333,91.72,64,40,8.05
387,Hovd,US,2022-08-07 18:21:16,39.1834,-84.5333,91.72,64,40,8.05
388,Naryan-Mar,US,2022-08-07 18:21:16,39.1834,-84.5333,91.72,64,40,8.05
389,Oussouye,US,2022-08-07 18:21:16,39.1834,-84.5333,91.72,64,40,8.05
390,Boguchany,US,2022-08-07 18:21:16,39.1834,-84.5333,91.72,64,40,8.05
391,Buta,US,2022-08-07 18:21:16,39.1834,-84.5333,91.72,64,40,8.05
392,Kalmunai,US,2022-08-07 18:21:16,39.1834,-84.5333,91.72,64,40,8.05
393,Lorengau,US,2022-08-07 18:21:16,39.1834,-84.5333,91.72,64,40,8.05
394,Tabou,US,2022-08-07 18:21:16,39.1834,-84.5333,91.72,64,40,8.05
395,Nisia Floresta,US,2022-08-07 18:21:16,39.1834,-84.5333,91.72,64,40,8.05
396,Kharp,US,2022-08-07 18:21:16,39.1834,-84.5333,91.72,64,40,8.05
397,Sarahan,US,2022-08-07 18:21:16,39.1834,-84.5333,91.72,64,40,8.05
398,Fairbanks,US,2022-08-07 18:21:16,39.1834,-84.5333,91.72,64,40,8.05
399,Karamea,US,2022-08-07 18:21:16,39.1834,-84.5333,91.72,64,40,8.05
400,Esil,US,2022-08-07 18:21:16,39.1834,-84.5333,91.72,64,40,8.05
401,Esik,US,2022-08-07 18:21:16,39.1834,-84.5333,91.72,64,40,8.05
402,Aykino,US,2022-08-07 18:21:16,39.1834,-84.5333,91.72,64,40,8.05
403,Lima,US,2022-08-07 18:21:16,39.1834,-84.5333,91.72,64,40,8.05
404,Coahuayana,US,2022-08-07 18:21:16,39.1834,-84.5333,91.72,64,40,8.05
405,Pombia,US,2022-08-07 18:21:16,39.1834,-84.5333,91.72,64,40,8.05
406,Luhyny,US,2022-08-07 18:21:16,39.1834,-84.5333,91.72,64,40,8.05
407,Takoradi,US,2022-08-07 18:21:16,39.1834,-84.5333,91.72,64,40,8.05
408,Mrirt,US,2022-08-07 18:21:16,39.1834,-84.5333,91.72,64,40,8.05
409,Balkanabat,US,2022-08-07 18:21:16,39.1834,-84.5333,91.72,64,40,8.05
410,Escanaba,US,2022-08-07 18:21:16,39.1834,-84.5333,91.72,64,40,8.05
411,Carutapera,US,2022-08-07 18:21:16,39.1834,-84.5333,91.72,64,40,8.05
412,Roald,US,2022-08-07 18:21:16,39.1834,-84.5333,91.72,64,40,8.05
413,Mutare,US,2022-08-07 18:21:16,39.1834,-84.5333,91.72,64,40,8.05
414,Yulara,US,2022-08-07 18:21:16,39.1834,-84.5333,91.72,64,40,8.05
415,Ukiah,US,2022-08-07 18:21:16,39.1834,-84.5333,91.72,64,40,8.05
416,Itatskiy,US,2022-08-07 18:21:16,39.1834,-84.5333,91.72,64,40,8.05
417,Pangnirtung,US,2022-08-07 18:21:16,39.1834,-84.5333,91.72,64,40,8.05
418,Farafangana,US,2022-08-07 18:21:16,39.1834,-84.5333,91.72,64,40,8.05
419,Freeport,US,2022-08-07 18:21:16,39.1834,-84.5333,91.72,64,40,8.05
420,Tolga,US,2022-08-07 18:21:16,39.1834,-84.5333,91.72,64,40,8.05
421,Luanda,US,2022-08-07 18:21:16,39.1834,-84.5333,91.72,64,40,8.05
422,Avera,US,2022-08-07 18:21:16,39.1834,-84.5333,91.72,64,40,8.05
423,Mayo,US,2022-08-07 18:21:16,39.1834,-84.5333,91.72,64,40,8.05
424,Abha,US,2022-08-07 18:21:16,39.1834,-84.5333,91.72,64,40,8.05
425,Benguela,US,2022-08-07 18:21:16,39.1834,-84.5333,91.72,64,40,8.05
426,Acari,US,2022-08-07 18:21:16,39.1834,-84.5333,91.72,64,40,8.05
427,Pajan,US,2022-08-07 18:21:16,39.1834,-84.5333,91.72,64,40,8.05
428,Parras,US,2022-08-07 18:21:16,39.1834,-84.5333,91.72,64,40,8.05
429,Yar-Sale,US,2022-08-07 18:21:16,39.1834,-84.5333,91.72,64,40,8.05
430,Sitka,US,2022-08-07 18:21:16,39.1834,-84.5333,91.72,64,40,8.05
431,Vestmannaeyjar,US,2022-08-07 18:21:16,39.1834,-84.5333,91.72,64,40,8.05
432,Buchanan,US,2022-08-07 18:21:16,39.1834,-84.5333,91.72,64,40,8.05
433,Bogorodskoye,US,2022-08-07 18:21:16,39.1834,-84.5333,91.72,64,40,8.05
434,Manama,US,2022-08-07 18:21:16,39.1834,-84.5333,91.72,64,40,8.05
435,Anloga,US,2022-08-07 18:21:16,39.1834,-84.5333,91.72,64,40,8.05
436,Iskateley,US,2022-08-07 18:21:16,39.1834,-84.5333,91.72,64,40,8.05
437,Coquimbo,US,2022-08-07 18:21:16,39.1834,-84.5333,91.72,64,40,8.05
438,Pontes E Lacerda,US,2022-08-07 18:21:16,39.1834,-84.5333,91.72,64,40,8.05
439,Roswell,US,2022-08-07 18:21:16,39.1834,-84.5333,91.72,64,40,8.05
440,Barao De Melgaco,US,2022-08-07 18:21:16,39.1834,-84.5333,91.72,64,40,8.05
441,Whitehorse,US,2022-08-07 18:21:16,39.1834,-84.5333,91.72,64,40,8.05
442,Bathsheba,US,2022-08-07 18:21:16,39.1834,-84.5333,91.72,64,40,8.05
443,Aksu,US,2022-08-07 18:21:16,39.1834,-84.5333,91.72,64,40,8.05
444,Te Anau,US,2022-08-07 18:21:16,39.1834,-84.5333,91.72,64,40,8.05
445,Ayan,US,2022-08-07 18:21:16,39.1834,-84.5333,91.72,64,40,8.05
446,Bama,US,2022-08-07 18:21:16,39.1834,-84.5333,91.72,64,40,8.05
447,Colares,US,2022-08-07 18:21:16,39.1834,-84.5333,91.72,64,40,8.05
448,Richards Bay,US,2022-08-07 18:21:16,39.1834,-84.5333,91.72,64,40,8.05
449,Yumen,US,2022-08-07 18:21:16,39.1834,-84.5333,91.72,64,40,8.05
450,Gambela,US,2022-08-07 18:21:16,39.1834,-84.5333,91.72,64,40,8.05
451,Jawor,US,2022-08-07 18:21:16,39.1834,-84.5333,91.72,64,40,8.05
452,Samarai,US,2022-08-07 18:21:16,39.1834,-84.5333,91.72,64,40,8.05
453,Vao,US,2022-08-07 18:21:16,39.1834,-84.5333,91.72,64,40,8.05
454,Faya,US,2022-08-07 18:21:16,39.1834,-84.5333,91.72,64,40,8.05
455,Dibaya,US,2022-08-07 18:21:16,39.1834,-84.5333,91.72,64,40,8.05
456,Westport,US,2022-08-07 18:21:16,39.1834,-84.5333,91.72,64,40,8.05
457,Dingle,US,2022-08-07 18:21:16,39.1834,-84.5333,91.72,64,40,8.05
458,Mizan Teferi,US,2022-08-07 18:21:16,39.1834,-84.5333,91.72,64,40,8.05
459,Kijang,US,2022-08-07 18:21:16,39.1834,-84.5333,91.72,64,40,8.05
460,Havre-Saint-Pierre,US,2022-08-07 18:21:16,39.1834,-84.5333,91.72,64,40,8.05
461,Poitiers,US,2022-08-07 18:21:16,39.1834,-84.5333,91.72,64,40,8.05
462,Yinchuan,US,2022-08-07 18:21:16,39.1834,-84.5333,91.72,64,40,8.05
463,Gao,US,2022-08-07 18:21:16,39.1834,-84.5333,91.72,64,40,8.05
464,Tocache,US,2022-08-07 18:21:16,39.1834,-84.5333,91.72,64,40,8.05
465,Makushino,US,2022-08-07 18:21:16,39.1834,-84.5333,91.72,64,40,8.05
466,Tirat Karmel,US,2022-08-07 18:21:16,39.1834,-84.5333,91.72,64,40,8.05
467,Loandjili,US,2022-08-07 18:21:16,39.1834,-84.5333,91.72,64,40,8.05
468,Beziers,US,2022-08-07 18:21:16,39.1834,-84.5333,91.72,64,40,8.05
469,Nguiu,US,2022-08-07 18:21:16,39.1834,-84.5333,91.72,64,40,8.05
470,Klaksvik,US,2022-08-07 18:21:16,39.1834,-84.5333,91.72,64,40,8.05
471,Sisimiut,US,2022-08-07 18:21:16,39.1834,-84.5333,91.72,64,40,8.05
472,Moryakovskiy Zaton,US,2022-08-07 18:21:16,39.1834,-84.5333,91.72,64,40,8.05
473,Kyra,US,2022-08-07 18:21:16,39.1834,-84.5333,91.72,64,40,8.05
474,Birjand,US,2022-08-07 18:21:16,39.1834,-84.5333,91.72,64,40,8.05
475,Wum,US,2022-08-07 18:21:16,39.1834,-84.5333,91.72,64,40,8.05
476,Stokmarknes,US,2022-08-07 18:21:16,39.1834,-84.5333,91.72,64,40,8.05
477,Praia Da Vitoria,US,2022-08-07 18:21:16,39.1834,-84.5333,91.72,64,40,8.05
478,Verkh-Usugli,US,2022-08-07 18:21:16,39.1834,-84.5333,91.72,64,40,8.05
479,Namie,US,2022-08-07 18:21:16,39.1834,-84.5333,91.72,64,40,8.05
480,Gorodovikovsk,US,2022-08-07 18:21:16,39.1834,-84.5333,91.72,64,40,8.05
481,Chatham,US,2022-08-07 18:21:16,39.1834,-84.5333,91.72,64,40,8.05
482,Ilulissat,US,2022-08-07 18:21:16,39.1834,-84.5333,91.72,64,40,8.05
483,Suntar,US,2022-08-07 18:21:16,39.1834,-84.5333,91.72,64,40,8.05
484,Codajas,US,2022-08-07 18:21:16,39.1834,-84.5333,91.72,64,40,8.05
485,Xining,US,2022-08-07 18:21:16,39.1834,-84.5333,91.72,64,40,8.05
486,Mount Isa,US,2022-08-07 18:21:16,39.1834,-84.5333,91.72,64,40,8.05
487,Lensk,US,2022-08-07 18:21:16,39.1834,-84.5333,91.72,64,40,8.05
488,Atherton,US,2022-08-07 18:21:16,39.1834,-84.5333,91.72,64,40,8.05
489,West Wendover,US,2022-08-07 18:21:16,39.1834,-84.5333,91.72,64,40,8.05
490,Torrevieja,US,2022-08-07 18:21:16,39.1834,-84.5333,91.72,64,40,8.05
491,Zambezi,US,2022-08-07 18:21:16,39.1834,-84.5333,91.72,64,40,8.05
492,Verkhnevilyuysk,US,2022-08-07 18:21:16,39.1834,-84.5333,91.72,64,40,8.05
493,Cody,US,2022-08-07 18:21:16,39.1834,-84.5333,91.72,64,40,8.05
494,Harper,US,2022-08-07 18:21:16,39.1834,-84.5333,91.72,64,40,8.05
495,Oranjemund,US,2022-08-07 18:21:16,39.1834,-84.5333,91.72,64,40,8.05
496,Znamenskoye,US,2022-08-07 18:21:16,39.1834,-84.5333,91.72,64,40,8.05
497,Canala,US,2022-08-07 18:21:16,39.1834,-84.5333,91.72,64,40,8.05
498,Cabedelo,US,2022-08-07 18:21:16,39.1834,-84.5333,91.72,64,40,8.05
499,Sigli,US,2022-08-07 18:21:16,39.1834,-84.5333,91.72,64,40,8.05
500,Kiyasovo,US,2022-08-07 18:21:16,39.1834,-84.5333,91.72,64,40,8.05
501,Umzimvubu,US,2022-08-07 18:21:16,39.1834,-84.5333,91.72,64,40,8.05
502,Koulamoutou,US,2022-08-07 18:21:16,39.1834,-84.5333,91.72,64,40,8.05
503,Hilton Head Island,US,2022-08-07 18:21:16,39.1834,-84.5333,91.72,64,40,8.05
504,Bengkulu,US,2022-08-07 18:21:16,39.1834,-84.5333,91.72,64,40,8.05
505,Broken Hill,US,2022-08-07 18:21:16,39.1834,-84.5333,91.72,64,40,8.05
506,San Bartolome De Tirajana,US,2022-08-07 18:21:16,39.1834,-84.5333,91.72,64,40,8.05
507,Bhusawal,US,2022-08-07 18:21:16,39.1834,-84.5333,91.72,64,40,8.05
508,Soyo,US,2022-08-07 18:21:16,39.1834,-84.5333,91.72,64,40,8.05
509,Samusu,US,2022-08-07 18:21:16,39.1834,-84.5333,91.72,64,40,8.05
510,Bara,US,2022-08-07 18:21:16,39.1834,-84.5333,91.72,64,40,8.05
511,Vreed En Hoop,US,2022-08-07 18:21:16,39.1834,-84.5333,91.72,64,40,8.05
512,Paranaiba,US,2022-08-07 18:21:16,39.1834,-84.5333,91.72,64,40,8.05
513,Surt,US,2022-08-07 18:21:16,39.1834,-84.5333,91.72,64,40,8.05
514,Nelson Bay,US,2022-08-07 18:21:16,39.1834,-84.5333,91.72,64,40,8.05
515,Presidencia Roque Saenz Pena,US,2022-08-07 18:21:16,39.1834,-84.5333,91.72,64,40,8.05
516,Utiroa,US,2022-08-07 18:21:16,39.1834,-84.5333,91.72,64,40,8.05
517,Pavilosta,US,2022-08-07 18:21:16,39.1834,-84.5333,91.72,64,40,8.05
518,Malinta,US,2022-08-07 18:21:16,39.1834,-84.5333,91.72,64,40,8.05
519,Sandur,US,2022-08-07 18:21:16,39.1834,-84.5333,91.72,64,40,8.05
520,Maine-Soroa,US,2022-08-07 18:21:16,39.1834,-84.5333,91.72,64,40,8.05
521,Hihifo,US,2022-08-07 18:21:16,39.1834,-84.5333,91.72,64,40,8.05
522,Bolungarvik,US,2022-08-07 18:21:16,39.1834,-84.5333,91.72,64,40,8.05
523,Nhulunbuy,US,2022-08-07 18:21:16,39.1834,-84.5333,91.72,64,40,8.05
524,Elat,US,2022-08-07 18:21:16,39.1834,-84.5333,91.72,64,40,8.05
525,Rexburg,US,2022-08-07 18:21:16,39.1834,-84.5333,91.72,64,40,8.05
526,Bang Saphan,US,2022-08-07 18:21:16,39.1834,-84.5333,91.72,64,40,8.05
527,Taburi,US,2022-08-07 18:21:16,39.1834,-84.5333,91.72,64,40,8.05
528,Valdivia,US,2022-08-07 18:21:16,39.1834,-84.5333,91.72,64,40,8.05
529,Wasilla,US,2022-08-07 18:21:16,39.1834,-84.5333,91.72,64,40,8.05
530,Paka,US,2022-08-07 18:21:16,39.1834,-84.5333,91.72,64,40,8.05
531,Guanare,US,2022-08-07 18:21:16,39.1834,-84.5333,91.72,64,40,8.05
532,Rudsar,US,2022-08-07 18:21:16,39.1834,-84.5333,91.72,64,40,8.05
533,Dubai,US,2022-08-07 18:21:16,39.1834,-84.5333,91.72,64,40,8.05
534,Inhambane,US,2022-08-07 18:21:16,39.1834,-84.5333,91.72,64,40,8.05
535,Ojinaga,US,2022-08-07 18:21:16,39.1834,-84.5333,91.72,64,40,8.05
536,Barbastro,US,2022-08-07 18:21:16,39.1834,-84.5333,91.72,64,40,8.05
537,Puerto Narino,US,2022-08-07 18:21:16,39.1834,-84.5333,91.72,64,40,8.05
538,Fukue,US,2022-08-07 18:21:16,39.1834,-84.5333,91.72,64,40,8.05
539,Korsakov,US,2022-08-07 18:21:16,39.1834,-84.5333,91.72,64,40,8.05
540,Onguday,US,2022-08-07 18:21:16,39.1834,-84.5333,91.72,64,40,8.05
541,Cananea,US,2022-08-07 18:21:16,39.1834,-84.5333,91.72,64,40,8.05
542,College,US,2022-08-07 18:21:16,39.1834,-84.5333,91.72,64,40,8.05
543,Sami,US,2022-08-07 18:21:16,39.1834,-84.5333,91.72,64,40,8.05
544,Hohhot,US,2022-08-07 18:21:16,39.1834,-84.5333,91.72,64,40,8.05
545,Seddon,US,2022-08-07 18:21:16,39.1834,-84.5333,91.72,64,40,8.05
546,Liverpool,US,2022-08-07 18:21:16,39.1834,-84.5333,91.72,64,40,8.05
547,Ketchikan,US,2022-08-07 18:21:16,39.1834,-84.5333,91.72,64,40,8.05
548,Bar Harbor,US,2022-08-07 18:21:16,39.1834,-84.5333,91.72,64,40,8.05
549,Camacha,US,2022-08-07 18:21:16,39.1834,-84.5333,91.72,64,40,8.05
550,Tahta,US,2022-08-07 18:21:16,39.1834,-84.5333,91.72,64,40,8.05
551,Bardiyah,US,2022-08-07 18:21:16,39.1834,-84.5333,91.72,64,40,8.05
552,Codrington,US,2022-08-07 18:21:16,39.1834,-84.5333,91.72,64,40,8.05
553,Mundo Nuevo,US,2022-08-07 18:21:16,39.1834,-84.5333,91.72,64,40,8.05
554,Araouane,US,2022-08-07 18:21:16,39.1834,-84.5333,91.72,64,40,8.05
555,Wulanhaote,US,2022-08-07 18:21:16,39.1834,-84.5333,91.72,64,40,8.05
556,Tolaga Bay,US,2022-08-07 18:21:16,39.1834,-84.5333,91.72,64,40,8.05
557,Morrope,US,2022-08-07 18:21:16,39.1834,-84.5333,91.72,64,40,8.05
558,Simoes,US,2022-08-07 18:21:16,39.1834,-84.5333,91.72,64,40,8.05
559,Muros,US,2022-08-07 18:21:16,39.1834,-84.5333,91.72,64,40,8.05
560,Oranjestad,US,2022-08-07 18:21:16,39.1834,-84.5333,91.72,64,40,8.05
561,Koslan,US,2022-08-07 18:21:16,39.1834,-84.5333,91.72,64,40,8.05
562,Buqayq,US,2022-08-07 18:21:16,39.1834,-84.5333,91.72,64,40,8.05
563,Vila Franca Do Campo,US,2022-08-07 18:21:16,39.1834,-84.5333,91.72,64,40,8.05
564,Kingsland,US,2022-08-07 18:21:16,39.1834,-84.5333,91.72,64,40,8.05
565,Burgos,US,2022-08-07 18:21:16,39.1834,-84.5333,91.72,64,40,8.05
566,Kalabo,US,2022-08-07 18:21:16,39.1834,-84.5333,91.72,64,40,8.05
567,Blyth,US,2022-08-07 18:21:16,39.1834,-84.5333,91.72,64,40,8.05
568,Osakarovka,US,2022-08-07 18:21:16,39.1834,-84.5333,91.72,64,40,8.05
569,Le Port,US,2022-08-07 18:21:16,39.1834,-84.5333,91.72,64,40,8.05
570,Comodoro Rivadavia,US,2022-08-07 18:21:16,39.1834,-84.5333,91.72,64,40,8.05
571,Arlit,US,2022-08-07 18:21:16,39.1834,-84.5333,91.72,64,40,8.05
572,Newport,US,2022-08-07 18:21:16,39.1834,-84.5333,91.72,64,40,8.05
573,Bluefields,US,2022-08-07 18:21:16,39.1834,-84.5333,91.72,64,40,8.05
574,Rocha,US,2022-08-07 18:21:16,39.1834,-84.5333,91.72,64,40,8.05
575,Baker City,US,2022-08-07 18:21:16,39.1834,-84.5333,91.72,64,40,8.05
576,Bandarbeyla,US,2022-08-07 18:21:16,39.1834,-84.5333,91.72,64,40,8.05
577,Shahrud,US,2022-08-07 18:21:16,39.1834,-84.5333,91.72,64,40,8.05
578,Linqiong,US,2022-08-07 18:21:16,39.1834,-84.5333,91.72,64,40,8.05
579,Degirmen,US,2022-08-07 18:21:16,39.1834,-84.5333,91.72,64,40,8.05
580,Sambava,US,2022-08-07 18:21:16,39.1834,-84.5333,91.72,64,40,8.05
581,Pindobacu,US,2022-08-07 18:21:16,39.1834,-84.5333,91.72,64,40,8.05
582,Bitung,US,2022-08-07 18:21:16,39.1834,-84.5333,91.72,64,40,8.05
583,Gigmoto,US,2022-08-07 18:21:16,39.1834,-84.5333,91.72,64,40,8.05
584,Tokur,US,2022-08-07 18:21:16,39.1834,-84.5333,91.72,64,40,8.05
585,Manaus,US,2022-08-07 18:21:16,39.1834,-84.5333,91.72,64,40,8.05
586,Kaili,US,2022-08-07 18:21:16,39.1834,-84.5333,91.72,64,40,8.05
587,Olavarria,US,2022-08-07 18:21:16,39.1834,-84.5333,91.72,64,40,8.05
588,Havelock,US,2022-08-07 18:21:16,39.1834,-84.5333,91.72,64,40,8.05
589,Mehamn,US,2022-08-07 18:21:16,39.1834,-84.5333,91.72,64,40,8.05
590,Beyneu,US,2022-08-07 18:21:16,39.1834,-84.5333,91.72,64,40,8.05
591,Brockville,US,2022-08-07 18:21:16,39.1834,-84.5333,91.72,64,40,8.05
592,Blonduos,US,2022-08-07 18:21:16,39.1834,-84.5333,91.72,64,40,8.05
593,Brigantine,US,2022-08-07 18:21:16,39.1834,-84.5333,91.72,64,40,8.05
594,Roma,US,2022-08-07 18:21:16,39.1834,-84.5333,91.72,64,40,8.05
595,Fort Nelson,US,2022-08-07 18:21:16,39.1834,-84.5333,91.72,64,40,8.05
596,Buraydah,US,2022-08-07 18:21:16,39.1834,-84.5333,91.72,64,40,8.05
597,Diu,US,2022-08-07 18:21:16,39.1834,-84.5333,91.72,64,40,8.05
598,Itaituba,US,2022-08-07 18:21:16,39.1834,-84.5333,91.72,64,40,8.05
599,Husavik,US,2022-08-07 18:21:16,39.1834,-84.5333,91.72,64,40,8.05
600,Rio Brilhante,US,2022-08-07 18:21:16,39.1834,-84.5333,91.72,64,40,8.05
601,Viligili,US,2022-08-07 18:21:16,39.1834,-84.5333,91.72,64,40,8.05
602,Whitecourt,US,2022-08-07 18:21:16,39.1834,-84.5333,91.72,64,40,8.05
603,Namtsy,US,2022-08-07 18:21:16,39.1834,-84.5333,91.72,64,40,8.05
604,Tumannyy,US,2022-08-07 18:21:16,39.1834,-84.5333,91.72,64,40,8.05
605,Indi,US,2022-08-07 18:21:16,39.1834,-84.5333,91.72,64,40,8.05
606,Yulin,US,2022-08-07 18:21:16,39.1834,-84.5333,91.72,64,40,8.05
607,Lakes Entrance,US,2022-08-07 18:21:16,39.1834,-84.5333,91.72,64,40,8.05
608,Bad Rappenau,US,2022-08-07 18:21:16,39.1834,-84.5333,91.72,64,40,8.05
609,Jimenez,US,2022-08-07 18:21:16,39.1834,-84.5333,91.72,64,40,8.05
610,Kuching,US,2022-08-07 18:21:16,39.1834,-84.5333,91.72,64,40,8.05
611,Buala,US,2022-08-07 18:21:16,39.1834,-84.5333,91.72,64,40,8.05
612,Sobolevo,US,2022-08-07 18:21:16,39.1834,-84.5333,91.72,64,40,8.05
613,Talnakh,US,2022-08-07 18:21:16,39.1834,-84.5333,91.72,64,40,8.05
614,Ban Nahin,US,2022-08-07 18:21:16,39.1834,-84.5333,91.72,64,40,8.05
615,Wiarton,US,2022-08-07 18:21:16,39.1834,-84.5333,91.72,64,40,8.05
616,Saravena,US,2022-08-07 18:21:16,39.1834,-84.5333,91.72,64,40,8.05
617,Dolgoderevenskoye,US,2022-08-07 18:21:16,39.1834,-84.5333,91.72,64,40,8.05
618,Vidim,US,2022-08-07 18:21:16,39.1834,-84.5333,91.72,64,40,8.05
619,Wanning,US,2022-08-07 18:21:16,39.1834,-84.5333,91.72,64,40,8.05
